"user_id","username","email","created_at"
1,"achang","tammy76@faulkner-howard.com","2025-07-14 15:42:45.746774"
2,"juancampos","kyleblair@hotmail.com","2025-07-14 15:42:45.746774"
3,"thomas15","cheryl38@yahoo.com","2025-07-14 15:42:45.746774"
4,"qgrimes","davismary@summers.info","2025-07-14 15:42:45.746774"
5,"john51","johnponce@west.net","2025-07-14 15:42:45.746774"
6,"jrodriguez","kelleylisa@hotmail.com","2025-07-14 15:42:45.746774"
7,"tamaramorrison","zdavis@yahoo.com","2025-07-14 15:42:45.746774"
8,"barbara42","antoniozavala@alvarez-davis.com","2025-07-14 15:42:45.746774"
9,"sandrakirby","aimee33@hotmail.com","2025-07-14 15:42:45.746774"
10,"criley","christopher91@yahoo.com","2025-07-14 15:42:45.746774"
11,"megan30","thorntonnathan@gmail.com","2025-07-14 15:42:45.746774"
12,"ronald01","brandonberry@guzman.com","2025-07-14 15:42:45.746774"
13,"myersmitchell","jacobsjames@robbins.com","2025-07-14 15:42:45.746774"
14,"gilesandrew","huffchad@gmail.com","2025-07-14 15:42:45.746774"
15,"michael20","carlsonholly@yahoo.com","2025-07-14 15:42:45.746774"
16,"jorgestrong","heidiharris@gmail.com","2025-07-14 15:42:45.746774"
17,"meganpeterson","carlsonscott@gmail.com","2025-07-14 15:42:45.746774"
18,"ruizrobert","paul42@hotmail.com","2025-07-14 15:42:45.746774"
19,"ellischristian","dennis75@roberts.org","2025-07-14 15:42:45.746774"
20,"jenniferhughes","smithjames@yahoo.com","2025-07-14 15:42:45.746774"
21,"johnwalsh","sjohnson@hotmail.com","2025-07-14 15:42:45.746774"
22,"tbarton","seangreen@griffin.net","2025-07-14 15:42:45.746774"
23,"hensontroy","zwilliams@yahoo.com","2025-07-14 15:42:45.746774"
24,"amymccarty","valeriemorales@butler.com","2025-07-14 15:42:45.746774"
25,"leecharlene","joshua21@nash-sanders.com","2025-07-14 15:42:45.746774"
26,"hillshawn","dennis85@wiggins.com","2025-07-14 15:42:45.746774"
27,"williamserin","sheena09@hotmail.com","2025-07-14 15:42:45.746774"
28,"djoseph","monica23@yahoo.com","2025-07-14 15:42:45.746774"
29,"alan24","kristine15@hotmail.com","2025-07-14 15:42:45.746774"
30,"williamsfrank","ralph82@yahoo.com","2025-07-14 15:42:45.746774"
31,"woodsjohn","hayden81@powell-murphy.biz","2025-07-14 15:42:45.746774"
32,"garciaregina","mary51@yahoo.com","2025-07-14 15:42:45.746774"
33,"lyonsronald","jessica22@hotmail.com","2025-07-14 15:42:45.746774"
34,"odrake","mortonjames@brown.com","2025-07-14 15:42:45.746774"
35,"shawkins","tkramer@hotmail.com","2025-07-14 15:42:45.746774"
36,"rodneyrichardson","ryanhoward@gmail.com","2025-07-14 15:42:45.746774"
37,"leachshannon","crawfordjonathan@williams.com","2025-07-14 15:42:45.746774"
38,"gonzaleznicholas","hintontonya@elliott.biz","2025-07-14 15:42:45.746774"
39,"ushelton","mreid@hotmail.com","2025-07-14 15:42:45.746774"
40,"alecthornton","austin24@hotmail.com","2025-07-14 15:42:45.746774"
41,"meganaguilar","marshzachary@gmail.com","2025-07-14 15:42:45.746774"
42,"perezbilly","krivera@melton.com","2025-07-14 15:42:45.746774"
43,"gsantana","gregorylinda@mooney.com","2025-07-14 15:42:45.746774"
44,"amanda96","olawson@gmail.com","2025-07-14 15:42:45.746774"
45,"yangkevin","cameron44@yahoo.com","2025-07-14 15:42:45.746774"
46,"dpatrick","johnblair@brown-johnson.biz","2025-07-14 15:42:45.746774"
47,"travisboyer","lisagomez@carr.info","2025-07-14 15:42:45.746774"
48,"garciakimberly","georgedavid@garcia-dunn.com","2025-07-14 15:42:45.746774"
49,"patrickfrank","ibarrachelsea@yahoo.com","2025-07-14 15:42:45.746774"
50,"debra94","vlloyd@lucero.com","2025-07-14 15:42:45.746774"
51,"caseysean","okelly@huber.info","2025-07-14 15:42:45.746774"
52,"rachel89","claytonweiss@chan.com","2025-07-14 15:42:45.746774"
53,"thomaspatricia","wallsrobert@gmail.com","2025-07-14 15:42:45.746774"
54,"uayala","ajordan@crawford.com","2025-07-14 15:42:45.746774"
55,"gomezdavid","michael03@jones-barry.com","2025-07-14 15:42:45.746774"
56,"harrisemily","carterhannah@hall.info","2025-07-14 15:42:45.746774"
57,"jasmine42","michaelkennedy@phillips-johns.net","2025-07-14 15:42:45.746774"
58,"jack11","nicholasthomas@gmail.com","2025-07-14 15:42:45.746774"
59,"lesliesanchez","nathan02@smith.biz","2025-07-14 15:42:45.746774"
60,"andrea29","dana13@yahoo.com","2025-07-14 15:42:45.746774"
61,"dana80","usmith@yahoo.com","2025-07-14 15:42:45.746774"
62,"sharris","clementslaura@yahoo.com","2025-07-14 15:42:45.746774"
63,"granthaley","alopez@yahoo.com","2025-07-14 15:42:45.746774"
64,"johnchavez","steven17@phillips.info","2025-07-14 15:42:45.746774"
65,"tsmith","amy26@potter.com","2025-07-14 15:42:45.746774"
66,"bramirez","nicole00@ross-zamora.biz","2025-07-14 15:42:45.746774"
67,"qgarcia","monica39@gmail.com","2025-07-14 15:42:45.746774"
68,"jonesjose","morenojohn@gmail.com","2025-07-14 15:42:45.746774"
69,"perrykeith","amandajenkins@stephens.com","2025-07-14 15:42:45.746774"
70,"scott92","terrypatrick@mcdonald.info","2025-07-14 15:42:45.746774"
71,"frobinson","dpearson@yahoo.com","2025-07-14 15:42:45.746774"
72,"douglas70","kellypeter@mathis.com","2025-07-14 15:42:45.746774"
73,"csmith","keymorgan@carter.org","2025-07-14 15:42:45.746774"
74,"james67","ajackson@hotmail.com","2025-07-14 15:42:45.746774"
75,"thernandez","david27@clarke-price.info","2025-07-14 15:42:45.746774"
76,"yblair","lbentley@williams.com","2025-07-14 15:42:45.746774"
77,"michaelpaul","cherylsalazar@melton.com","2025-07-14 15:42:45.746774"
78,"oellis","thenry@yahoo.com","2025-07-14 15:42:45.746774"
79,"matthewwilliams","michaelroberts@taylor.com","2025-07-14 15:42:45.746774"
80,"ogrant","matthewgarcia@gmail.com","2025-07-14 15:42:45.746774"
81,"marcus75","boydjames@gmail.com","2025-07-14 15:42:45.746774"
82,"mollyreed","emily44@heath.com","2025-07-14 15:42:45.746774"
83,"torresandrea","csimpson@stark.info","2025-07-14 15:42:45.746774"
84,"falexander","coreycannon@henson-lewis.org","2025-07-14 15:42:45.746774"
85,"meyersangelica","haleyjohn@gmail.com","2025-07-14 15:42:45.746774"
86,"maryramirez","virginia18@yahoo.com","2025-07-14 15:42:45.746774"
87,"jenniferwaters","joseph01@hotmail.com","2025-07-14 15:42:45.746774"
88,"thompsonrobert","nichole08@patterson.com","2025-07-14 15:42:45.746774"
89,"maddoxannette","jeffrey31@parker.info","2025-07-14 15:42:45.746774"
90,"brandi20","brenda02@yahoo.com","2025-07-14 15:42:45.746774"
91,"theresadixon","kathyharrington@hudson-dominguez.com","2025-07-14 15:42:45.746774"
92,"jessicacabrera","charlotte27@gmail.com","2025-07-14 15:42:45.746774"
93,"foxmichael","alexander38@hotmail.com","2025-07-14 15:42:45.746774"
94,"donnasimpson","janet14@gmail.com","2025-07-14 15:42:45.746774"
95,"uwarner","nacevedo@gmail.com","2025-07-14 15:42:45.746774"
96,"jessica35","jordanpowers@yahoo.com","2025-07-14 15:42:45.746774"
97,"kellyamber","andrew00@williams.com","2025-07-14 15:42:45.746774"
98,"nicholsonmichael","patriciarobinson@yahoo.com","2025-07-14 15:42:45.746774"
99,"michaelthompson","areyes@yahoo.com","2025-07-14 15:42:45.746774"
100,"kmalone","kfinley@mason.net","2025-07-14 15:42:45.746774"
