"post_id","user_id","content","created_at","like_count"
1,6,"Bag down stock computer watch what.","2025-07-14 15:42:45.746774",0
2,34,"Sea stuff no response interview ten.","2025-07-14 15:42:45.746774",0
3,66,"Per leader change own education.","2025-07-14 15:42:45.746774",0
4,63,"Agree usually already bed fall character door green.","2025-07-14 15:42:45.746774",0
5,52,"Front sound war address morning explain light alone.","2025-07-14 15:42:45.746774",0
6,39,"Now energy rather lay return identify many again science alone.","2025-07-14 15:42:45.746774",0
7,62,"Reflect upon yet seven several might history strong economy break.","2025-07-14 15:42:45.746774",0
8,46,"Source wall drug purpose mouth then class test.","2025-07-14 15:42:45.746774",0
9,75,"Former section across staff north weight.","2025-07-14 15:42:45.746774",0
10,28,"Fact fall manager idea issue color small notice.","2025-07-14 15:42:45.746774",0
11,65,"Call upon we lose water stand single section could.","2025-07-14 15:42:45.746774",0
12,18,"Very everything store morning as police often walk place myself.","2025-07-14 15:42:45.746774",0
13,37,"Senior entire expect investment yard responsibility watch Mrs.","2025-07-14 15:42:45.746774",0
14,18,"Fish garden relationship it center accept memory six reduce sit.","2025-07-14 15:42:45.746774",0
15,97,"Guess we no in pass sound direction administration.","2025-07-14 15:42:45.746774",0
16,13,"Word citizen create great record affect same number drug continue.","2025-07-14 15:42:45.746774",0
17,80,"Back large season last meeting southern relate when clearly.","2025-07-14 15:42:45.746774",0
18,33,"Up play wait education think.","2025-07-14 15:42:45.746774",0
19,69,"Particular before air action economy several hit simple.","2025-07-14 15:42:45.746774",0
20,91,"Pull recent state old great notice north everything state huge TV.","2025-07-14 15:42:45.746774",0
21,78,"Among not girl above course book.","2025-07-14 15:42:45.746774",0
22,19,"Likely fire subject west agent hotel by year player image.","2025-07-14 15:42:45.746774",0
23,40,"Other identify fill art by care.","2025-07-14 15:42:45.746774",0
24,13,"Relate respond rich role mind statement reality recently hold.","2025-07-14 15:42:45.746774",0
25,94,"General one bar nice spend cut.","2025-07-14 15:42:45.746774",0
26,10,"Foreign remember site military lead travel series.","2025-07-14 15:42:45.746774",0
27,88,"Need although one political almost serious stand author possible.","2025-07-14 15:42:45.746774",0
28,43,"Particularly speech mission remember tree care sign arm bar.","2025-07-14 15:42:45.746774",0
29,61,"Gas spend bag into good later street mention would technology.","2025-07-14 15:42:45.746774",0
30,72,"Carry understand consumer by full parent.","2025-07-14 15:42:45.746774",0
31,13,"Including artist find hope appear.","2025-07-14 15:42:45.746774",0
32,46,"Group strong back approach great top.","2025-07-14 15:42:45.746774",0
33,56,"Public none sound include air sort couple.","2025-07-14 15:42:45.746774",0
34,41,"Ask benefit ago again identify real to follow.","2025-07-14 15:42:45.746774",0
35,79,"Second reason live teach movie I situation understand agree middle.","2025-07-14 15:42:45.746774",0
36,82,"Four western likely almost training.","2025-07-14 15:42:45.746774",0
37,27,"Source where a front war receive civil single city quite wall.","2025-07-14 15:42:45.746774",0
38,71,"Foreign agency when personal huge difficult player forget whom goal clear.","2025-07-14 15:42:45.746774",0
39,62,"Leg theory case north add us accept hope soon.","2025-07-14 15:42:45.746774",0
40,57,"Affect station member although since born.","2025-07-14 15:42:45.746774",0
41,67,"Challenge check skin skin industry nothing rather represent two hair describe.","2025-07-14 15:42:45.746774",0
42,34,"Authority imagine probably whom it job likely different.","2025-07-14 15:42:45.746774",0
43,8,"Drive loss turn attorney education every money my.","2025-07-14 15:42:45.746774",0
44,71,"Particularly listen down American focus something who blood there any.","2025-07-14 15:42:45.746774",0
45,2,"Agree inside thank hotel under require page claim.","2025-07-14 15:42:45.746774",0
46,12,"Listen city truth ten seven both happy central.","2025-07-14 15:42:45.746774",0
47,93,"She picture send cultural whatever computer on fast.","2025-07-14 15:42:45.746774",0
48,52,"Fact issue radio especially road.","2025-07-14 15:42:45.746774",0
49,91,"Care book ground all office less politics religious.","2025-07-14 15:42:45.746774",0
50,86,"Sing nation network college debate.","2025-07-14 15:42:45.746774",0
51,81,"Ahead career manage tonight perhaps explain soldier.","2025-07-14 15:42:45.746774",0
52,1,"Sort trial study significant energy citizen.","2025-07-14 15:42:45.746774",0
53,79,"Maybe forward reason treatment worker season figure they yeah get we.","2025-07-14 15:42:45.746774",0
54,64,"Fill improve image best win challenge on plant wonder thing.","2025-07-14 15:42:45.746774",0
55,43,"Recent positive daughter popular word.","2025-07-14 15:42:45.746774",0
56,32,"Entire rule collection be along.","2025-07-14 15:42:45.746774",0
57,94,"Throughout stage lose board laugh.","2025-07-14 15:42:45.746774",0
58,42,"Recent project speech director city necessary thus sister meet though.","2025-07-14 15:42:45.746774",0
59,91,"Still support these military part.","2025-07-14 15:42:45.746774",0
60,9,"Just raise enough onto try commercial.","2025-07-14 15:42:45.746774",0
61,25,"North trouble upon beautiful open free medical lay lose.","2025-07-14 15:42:45.746774",0
62,73,"Environmental medical nearly hour enter.","2025-07-14 15:42:45.746774",0
63,29,"Must city system story century attention attention.","2025-07-14 15:42:45.746774",0
64,31,"Not improve begin lot sport father growth behind.","2025-07-14 15:42:45.746774",0
65,19,"Statement carry next according television.","2025-07-14 15:42:45.746774",0
66,70,"Record own research blood list girl sister their rate drop.","2025-07-14 15:42:45.746774",0
67,58,"Stuff find different many water meeting future back off.","2025-07-14 15:42:45.746774",0
68,12,"School white team certainly explain current simply.","2025-07-14 15:42:45.746774",0
69,11,"Executive partner story budget great than director remember.","2025-07-14 15:42:45.746774",0
70,41,"Trouble it grow husband short year term look fact land general.","2025-07-14 15:42:45.746774",0
71,66,"Sea upon full director race wish let.","2025-07-14 15:42:45.746774",0
72,63,"Woman with not peace put maybe main fire range.","2025-07-14 15:42:45.746774",0
73,14,"Line hour wear star issue.","2025-07-14 15:42:45.746774",0
74,39,"Offer American behavior customer force.","2025-07-14 15:42:45.746774",0
75,71,"Congress recognize agreement well account.","2025-07-14 15:42:45.746774",0
76,38,"Above bring painting various current scientist culture ability to suffer.","2025-07-14 15:42:45.746774",0
77,91,"Mr unit dinner indeed listen.","2025-07-14 15:42:45.746774",0
78,16,"Job high she past.","2025-07-14 15:42:45.746774",0
79,71,"Agreement girl happen front law care military.","2025-07-14 15:42:45.746774",0
80,43,"War resource evening realize per probably her.","2025-07-14 15:42:45.746774",0
81,70,"Wish floor inside matter nice really listen meeting language condition.","2025-07-14 15:42:45.746774",0
82,27,"Fund indicate help north friend state do eat lose various.","2025-07-14 15:42:45.746774",0
83,78,"Language thousand need when simple.","2025-07-14 15:42:45.746774",0
84,71,"Involve education little direction exist president outside.","2025-07-14 15:42:45.746774",0
85,76,"Why mission because feel military pull.","2025-07-14 15:42:45.746774",0
86,37,"Choice already thank source she.","2025-07-14 15:42:45.746774",0
87,57,"Hope could many cold another way sign fund service.","2025-07-14 15:42:45.746774",0
88,12,"Could foreign mind myself surface old charge read management production.","2025-07-14 15:42:45.746774",0
89,77,"Our allow maintain page fish room.","2025-07-14 15:42:45.746774",0
90,50,"Analysis care kitchen purpose.","2025-07-14 15:42:45.746774",0
91,41,"Produce board whole middle under plant expert.","2025-07-14 15:42:45.746774",0
92,74,"Management court head successful response hospital wrong fish.","2025-07-14 15:42:45.746774",0
93,31,"Attack detail box choose view week remain decide happy.","2025-07-14 15:42:45.746774",0
94,38,"Again debate take one them.","2025-07-14 15:42:45.746774",0
95,24,"Must plant whether protect most trade final name.","2025-07-14 15:42:45.746774",0
96,25,"Bad wide manage address information.","2025-07-14 15:42:45.746774",0
97,24,"Fine seat should dream whose agreement tell mention.","2025-07-14 15:42:45.746774",0
98,5,"Letter body language there wonder him.","2025-07-14 15:42:45.746774",0
99,79,"Until direction opportunity very analysis firm once machine western.","2025-07-14 15:42:45.746774",0
100,85,"Look floor role agency its professor while seven those budget.","2025-07-14 15:42:45.746774",0
101,34,"Easy picture enough break factor pattern PM seat my.","2025-07-14 15:42:45.746774",0
102,61,"Full need claim many against.","2025-07-14 15:42:45.746774",0
103,9,"Former general yet party individual so attack.","2025-07-14 15:42:45.746774",0
104,12,"Bit avoid yourself campaign alone subject development best student describe.","2025-07-14 15:42:45.746774",0
105,87,"Really which human participant seat give.","2025-07-14 15:42:45.746774",0
106,97,"Result thus wind natural customer letter finish.","2025-07-14 15:42:45.746774",0
107,17,"Everybody professor show bar standard final.","2025-07-14 15:42:45.746774",0
108,20,"Along particularly factor boy Republican without mention get.","2025-07-14 15:42:45.746774",0
109,5,"Become me story but order leg food fast pick.","2025-07-14 15:42:45.746774",0
110,11,"All structure point especially that product first.","2025-07-14 15:42:45.746774",0
111,90,"President explain situation eat thousand might employee argue home exactly.","2025-07-14 15:42:45.746774",0
112,70,"Effect fine speak majority large but hear.","2025-07-14 15:42:45.746774",0
113,88,"Anything relationship local air ball better consumer campaign join throw.","2025-07-14 15:42:45.746774",0
114,51,"Moment buy east example identify likely view around.","2025-07-14 15:42:45.746774",0
115,91,"Ground eat determine feeling certainly necessary economy agree discussion star.","2025-07-14 15:42:45.746774",0
116,68,"Understand relate church serve can street race seat model.","2025-07-14 15:42:45.746774",0
117,36,"Sometimes talk remember again leave toward current.","2025-07-14 15:42:45.746774",0
118,67,"Cold measure defense mouth manage camera beat activity.","2025-07-14 15:42:45.746774",0
119,31,"Action section drug how purpose.","2025-07-14 15:42:45.746774",0
120,28,"Win product election baby seven only scientist teach.","2025-07-14 15:42:45.746774",0
121,87,"Memory attack land late sing.","2025-07-14 15:42:45.746774",0
122,76,"Outside they eye out goal group.","2025-07-14 15:42:45.746774",0
123,54,"Maybe read card look safe street current.","2025-07-14 15:42:45.746774",0
124,75,"Fund feeling cause stand visit red forward table.","2025-07-14 15:42:45.746774",0
125,36,"Herself official receive may push serious successful country describe method.","2025-07-14 15:42:45.746774",0
126,58,"Cell our series mother treat structure positive true else feeling.","2025-07-14 15:42:45.746774",0
127,64,"Appear role why learn attention cut billion eight soldier ability.","2025-07-14 15:42:45.746774",0
128,85,"Vote continue community whole growth speech.","2025-07-14 15:42:45.746774",0
129,83,"Purpose prevent again trouble.","2025-07-14 15:42:45.746774",0
130,90,"Story financial state hotel matter guy.","2025-07-14 15:42:45.746774",0
131,46,"Because it boy agent common order evening scene.","2025-07-14 15:42:45.746774",0
132,11,"Culture continue condition probably particularly measure only wait.","2025-07-14 15:42:45.746774",0
133,42,"Town approach today all positive us maybe.","2025-07-14 15:42:45.746774",0
134,79,"Financial plan phone step country article will firm woman.","2025-07-14 15:42:45.746774",0
135,15,"Magazine loss tree especially position learn senior.","2025-07-14 15:42:45.746774",0
136,63,"Mention next identify language provide.","2025-07-14 15:42:45.746774",0
137,76,"Type short rather spend similar both significant stuff section lot.","2025-07-14 15:42:45.746774",0
138,81,"Range international everybody book green.","2025-07-14 15:42:45.746774",0
139,43,"Soon account part wind well thousand impact six loss agree.","2025-07-14 15:42:45.746774",0
140,25,"Star be hot often worry any include try agree out human.","2025-07-14 15:42:45.746774",0
141,32,"Room father identify within street national sea knowledge my night.","2025-07-14 15:42:45.746774",0
142,3,"Popular open collection become light environmental.","2025-07-14 15:42:45.746774",0
143,94,"Idea across player appear similar audience.","2025-07-14 15:42:45.746774",0
144,35,"Police choice cell seven.","2025-07-14 15:42:45.746774",0
145,15,"Voice boy forward science follow certainly.","2025-07-14 15:42:45.746774",0
146,91,"Seem beat debate late radio like money ball keep since.","2025-07-14 15:42:45.746774",0
147,29,"Lose international available despite popular stock memory challenge audience choose.","2025-07-14 15:42:45.746774",0
148,48,"Popular break attention environment few voice thank local.","2025-07-14 15:42:45.746774",0
149,22,"Spring season toward level generation since also himself with garden.","2025-07-14 15:42:45.746774",0
150,43,"According off little happy short during agency meet window now.","2025-07-14 15:42:45.746774",0
151,55,"Wall conference especially low trial.","2025-07-14 15:42:45.746774",0
152,8,"Ability possible door pressure sea thought raise suggest six.","2025-07-14 15:42:45.746774",0
153,13,"Two seven lose probably up strategy.","2025-07-14 15:42:45.746774",0
154,19,"Rate oil defense agree lawyer perhaps stay.","2025-07-14 15:42:45.746774",0
155,90,"Particularly firm foreign involve show ten.","2025-07-14 15:42:45.746774",0
156,29,"Mention hot happy far deep while.","2025-07-14 15:42:45.746774",0
157,6,"Onto until head lay out perhaps chair during such either.","2025-07-14 15:42:45.746774",0
158,74,"Movie report boy two look reality.","2025-07-14 15:42:45.746774",0
159,82,"Group eat soon must toward family event dark such firm.","2025-07-14 15:42:45.746774",0
160,69,"Analysis what page clear.","2025-07-14 15:42:45.746774",0
161,78,"Learn economy explain main sport summer sea record recent approach.","2025-07-14 15:42:45.746774",0
162,88,"Throughout free civil entire result.","2025-07-14 15:42:45.746774",0
163,10,"Final tonight table loss detail put risk yet so.","2025-07-14 15:42:45.746774",0
164,4,"Media adult process message western.","2025-07-14 15:42:45.746774",0
165,16,"Yes too dog among believe value fine staff that report.","2025-07-14 15:42:45.746774",0
166,82,"Walk two most ten cup far training opportunity difficult candidate.","2025-07-14 15:42:45.746774",0
167,25,"Election small certainly pattern daughter carry successful.","2025-07-14 15:42:45.746774",0
168,78,"Wind consider that admit Mrs look call spring.","2025-07-14 15:42:45.746774",0
169,74,"Bank result peace reality evidence out determine.","2025-07-14 15:42:45.746774",0
170,16,"Station science push industry certainly Mrs.","2025-07-14 15:42:45.746774",0
171,51,"Five detail company first thing discuss power safe push.","2025-07-14 15:42:45.746774",0
172,12,"Beyond majority good open executive experience.","2025-07-14 15:42:45.746774",0
173,48,"Assume heart west training believe system resource truth.","2025-07-14 15:42:45.746774",0
174,15,"Century energy safe crime social school enter wind heavy.","2025-07-14 15:42:45.746774",0
175,5,"General television save himself call.","2025-07-14 15:42:45.746774",0
176,78,"Notice prevent figure kitchen seven write decision data wrong best.","2025-07-14 15:42:45.746774",0
177,3,"Business pull see collection cut drive out image.","2025-07-14 15:42:45.746774",0
178,25,"Defense cup man course teacher message page nearly mind perform.","2025-07-14 15:42:45.746774",0
179,24,"House political energy song policy owner ahead generation shoulder day.","2025-07-14 15:42:45.746774",0
180,92,"Window key military deep according.","2025-07-14 15:42:45.746774",0
181,16,"Law before everybody power hot scene view.","2025-07-14 15:42:45.746774",0
182,62,"Theory become buy many partner pressure discover.","2025-07-14 15:42:45.746774",0
183,27,"Important they tax machine century suddenly.","2025-07-14 15:42:45.746774",0
184,94,"School certainly meet floor right growth specific court.","2025-07-14 15:42:45.746774",0
185,8,"Miss interest rise her along kid explain.","2025-07-14 15:42:45.746774",0
186,87,"Money store majority choice chance of.","2025-07-14 15:42:45.746774",0
187,3,"Scientist bring citizen kid support interest conference.","2025-07-14 15:42:45.746774",0
188,70,"Federal like be happen unit.","2025-07-14 15:42:45.746774",0
189,55,"Management minute air represent sound.","2025-07-14 15:42:45.746774",0
190,80,"Letter employee one reflect soldier.","2025-07-14 15:42:45.746774",0
191,13,"Down business state way sister civil.","2025-07-14 15:42:45.746774",0
192,34,"Practice physical actually century over short certain PM child.","2025-07-14 15:42:45.746774",0
193,9,"Per attack evidence especially life sister official yeah remain center.","2025-07-14 15:42:45.746774",0
194,29,"Around four PM hospital against fast drop simply or.","2025-07-14 15:42:45.746774",0
195,10,"Easy mission laugh wind action economy.","2025-07-14 15:42:45.746774",0
196,83,"Mind without represent resource pretty write under fear knowledge player.","2025-07-14 15:42:45.746774",0
197,39,"Song energy simple be certain ago whom.","2025-07-14 15:42:45.746774",0
198,45,"Appear since experience perform interest particularly notice military civil.","2025-07-14 15:42:45.746774",0
199,56,"Environment style remain cup.","2025-07-14 15:42:45.746774",0
200,24,"Enter identify participant environmental them really debate energy religious.","2025-07-14 15:42:45.746774",0
201,2,"This is a new post!","2025-07-14 21:29:08.613245",0
