"comment_id","post_id","user_id","comment_text","commented_at"
1,101,12,"Nice post!","2025-07-14 15:42:45.746774"
2,200,33,"Thanks for sharing","2025-07-14 15:42:45.746774"
3,88,45,"Very helpful","2025-07-14 15:42:45.746774"
4,200,67,"Great explanation","2025-07-14 15:42:45.746774"
5,152,89,"Loved it","2025-07-14 15:42:45.746774"
6,190,21,"Interesting point","2025-07-14 15:42:45.746774"
7,76,38,"Agreed","2025-07-14 15:42:45.746774"
8,34,95,"Good job!","2025-07-14 15:42:45.746774"
9,120,11,"Keep it up","2025-07-14 15:42:45.746774"
10,99,64,"Helpful content","2025-07-14 15:42:45.746774"
11,187,7,"Awesome!","2025-07-14 15:42:45.746774"
12,145,83,"Clear and concise","2025-07-14 15:42:45.746774"
13,169,28,"Thanks!","2025-07-14 15:42:45.746774"
14,138,54,"This helped me","2025-07-14 15:42:45.746774"
15,84,19,"Perfect","2025-07-14 15:42:45.746774"
16,91,43,"Excellent!","2025-07-14 15:42:45.746774"
17,111,6,"Nice explanation","2025-07-14 15:42:45.746774"
18,154,77,"Very informative","2025-07-14 15:42:45.746774"
19,150,96,"Great work","2025-07-14 15:42:45.746774"
20,102,59,"Thanks a lot","2025-07-14 15:42:45.746774"
21,75,25,"Good example","2025-07-14 15:42:45.746774"
22,165,36,"Wow, I learned a lot","2025-07-14 15:42:45.746774"
23,83,50,"Appreciated","2025-07-14 15:42:45.746774"
24,92,40,"Loved the detail","2025-07-14 15:42:45.746774"
25,17,88,"Great breakdown","2025-07-14 15:42:45.746774"
26,123,31,"Cool idea","2025-07-14 15:42:45.746774"
27,98,70,"I like this","2025-07-14 15:42:45.746774"
28,112,99,"Thanks!","2025-07-14 15:42:45.746774"
29,51,14,"Simple and effective","2025-07-14 15:42:45.746774"
30,105,72,"Very clear","2025-07-14 15:42:45.746774"
31,180,24,"Wonderful","2025-07-14 15:42:45.746774"
32,77,58,"Saved me time","2025-07-14 15:42:45.746774"
33,99,9,"Impressive","2025-07-14 15:42:45.746774"
34,143,60,"Helpful read","2025-07-14 15:42:45.746774"
35,172,18,"Nice formatting","2025-07-14 15:42:45.746774"
36,160,93,"Super helpful","2025-07-14 15:42:45.746774"
37,126,46,"Loved the clarity","2025-07-14 15:42:45.746774"
38,103,66,"Good one!","2025-07-14 15:42:45.746774"
39,141,91,"Thanks for this","2025-07-14 15:42:45.746774"
40,110,81,"It works!","2025-07-14 15:42:45.746774"
41,22,35,"Clean example","2025-07-14 15:42:45.746774"
42,189,78,"Exactly what I needed","2025-07-14 15:42:45.746774"
43,110,20,"Nice try","2025-07-14 15:42:45.746774"
44,174,63,"Loved the post","2025-07-14 15:42:45.746774"
45,179,97,"Super simple","2025-07-14 15:42:45.746774"
46,112,48,"Good breakdown","2025-07-14 15:42:45.746774"
47,107,26,"Finally understood!","2025-07-14 15:42:45.746774"
48,120,56,"Amazing!","2025-07-14 15:42:45.746774"
49,139,17,"Great","2025-07-14 15:42:45.746774"
50,164,79,"Excellent","2025-07-14 15:42:45.746774"
51,148,2,"Useful tip","2025-07-14 15:42:45.746774"
52,133,100,"Wow!","2025-07-14 15:42:45.746774"
53,117,4,"Clean and neat","2025-07-14 15:42:45.746774"
54,106,5,"So useful","2025-07-14 15:42:45.746774"
55,185,13,"Thanks again","2025-07-14 15:42:45.746774"
56,122,8,"Easy to follow","2025-07-14 15:42:45.746774"
57,147,1,"Impressive example","2025-07-14 15:42:45.746774"
58,90,16,"Love this post","2025-07-14 15:42:45.746774"
59,193,10,"Grateful!","2025-07-14 15:42:45.746774"
60,21,15,"Worked perfectly","2025-07-14 15:42:45.746774"
61,42,22,"Detailed explanation","2025-07-14 15:42:45.746774"
62,125,32,"Simple but good","2025-07-14 15:42:45.746774"
63,24,42,"Excellent post","2025-07-14 15:42:45.746774"
64,36,3,"Awesome work!","2025-07-14 15:42:45.746774"
65,40,29,"Wow, very clean","2025-07-14 15:42:45.746774"
66,154,27,"Saved my project","2025-07-14 15:42:45.746774"
67,168,23,"Big help!","2025-07-14 15:42:45.746774"
68,100,41,"Short and powerful","2025-07-14 15:42:45.746774"
69,28,39,"On point!","2025-07-14 15:42:45.746774"
70,96,34,"Neatly explained","2025-07-14 15:42:45.746774"
71,116,53,"Top post!","2025-07-14 15:42:45.746774"
72,11,30,"Best I found","2025-07-14 15:42:45.746774"
73,119,47,"Exactly what I wanted","2025-07-14 15:42:45.746774"
74,175,44,"Solved my doubt","2025-07-14 15:42:45.746774"
75,106,71,"Liked this!","2025-07-14 15:42:45.746774"
76,135,61,"Thanks so much!","2025-07-14 15:42:45.746774"
77,113,55,"Crisp and clear","2025-07-14 15:42:45.746774"
78,157,98,"That worked","2025-07-14 15:42:45.746774"
79,197,84,"Clearly done","2025-07-14 15:42:45.746774"
80,13,62,"Smart example","2025-07-14 15:42:45.746774"
81,156,90,"Cool concept","2025-07-14 15:42:45.746774"
82,189,52,"Love the style","2025-07-14 15:42:45.746774"
83,84,76,"Worked well","2025-07-14 15:42:45.746774"
84,126,80,"A+ post","2025-07-14 15:42:45.746774"
85,192,85,"Wow! Thank you","2025-07-14 15:42:45.746774"
86,81,49,"Yes! That worked","2025-07-14 15:42:45.746774"
87,166,75,"Genius","2025-07-14 15:42:45.746774"
88,171,86,"I liked that","2025-07-14 15:42:45.746774"
89,174,73,"So smart!","2025-07-14 15:42:45.746774"
90,92,65,"Thanks again!","2025-07-14 15:42:45.746774"
91,146,74,"Wonderful example","2025-07-14 15:42:45.746774"
92,134,37,"Just right","2025-07-14 15:42:45.746774"
93,108,87,"I needed this","2025-07-14 15:42:45.746774"
94,50,94,"My favorite","2025-07-14 15:42:45.746774"
95,178,51,"Everything clear","2025-07-14 15:42:45.746774"
96,29,68,"Neat example","2025-07-14 15:42:45.746774"
97,149,57,"Perfectly said","2025-07-14 15:42:45.746774"
98,200,82,"Good stuff","2025-07-14 15:42:45.746774"
99,77,69,"This helped a lot","2025-07-14 15:42:45.746774"
100,28,92,"So helpful","2025-07-14 15:42:45.746774"
101,99,98,"Detailed post","2025-07-14 15:42:45.746774"
102,70,66,"Clear idea","2025-07-14 15:42:45.746774"
103,157,83,"Excellent structure","2025-07-14 15:42:45.746774"
104,199,24,"Canâ€™t thank you enough","2025-07-14 15:42:45.746774"
105,87,43,"Very insightful","2025-07-14 15:42:45.746774"
106,144,18,"Good read","2025-07-14 15:42:45.746774"
107,200,8,"Explained beautifully","2025-07-14 15:42:45.746774"
108,186,35,"Simple and nice","2025-07-14 15:42:45.746774"
109,198,98,"Serious inside else memory if.","2025-07-14 15:42:45.746774"
110,16,6,"Whose group through despite.","2025-07-14 15:42:45.746774"
111,133,66,"Example sense peace.","2025-07-14 15:42:45.746774"
112,49,52,"Would mouth relate own.","2025-07-14 15:42:45.746774"
113,156,62,"Financial role together.","2025-07-14 15:42:45.746774"
114,184,75,"Line beyond its particularly tree.","2025-07-14 15:42:45.746774"
115,112,65,"Local tend employee source nature add.","2025-07-14 15:42:45.746774"
116,72,37,"Report size personal partner stock.","2025-07-14 15:42:45.746774"
117,72,97,"During foot that course nothing.","2025-07-14 15:42:45.746774"
118,49,80,"Sound central myself before.","2025-07-14 15:42:45.746774"
119,129,69,"Themselves your majority feeling fact.","2025-07-14 15:42:45.746774"
120,162,78,"Natural sport music.","2025-07-14 15:42:45.746774"
121,76,40,"Natural explain before something first drug.","2025-07-14 15:42:45.746774"
122,51,94,"Country cost party prevent.","2025-07-14 15:42:45.746774"
123,38,88,"Attorney quickly candidate change although bag.","2025-07-14 15:42:45.746774"
124,170,61,"Raise study modern miss dog Democrat.","2025-07-14 15:42:45.746774"
125,87,13,"Stay information every manage political record.","2025-07-14 15:42:45.746774"
126,182,56,"Bank party main picture suddenly.","2025-07-14 15:42:45.746774"
127,162,79,"Administration even relate head.","2025-07-14 15:42:45.746774"
128,28,27,"Forward staff beyond chair.","2025-07-14 15:42:45.746774"
129,83,62,"And off travel move.","2025-07-14 15:42:45.746774"
130,27,67,"Ago play paper.","2025-07-14 15:42:45.746774"
131,134,8,"Build before street break painting create.","2025-07-14 15:42:45.746774"
132,81,2,"Responsibility look road article.","2025-07-14 15:42:45.746774"
133,48,93,"Name per structure.","2025-07-14 15:42:45.746774"
134,105,91,"Determine positive go.","2025-07-14 15:42:45.746774"
135,43,81,"Article level others record.","2025-07-14 15:42:45.746774"
136,1,79,"Current grow rule stuff truth.","2025-07-14 15:42:45.746774"
137,53,43,"Recently data should small.","2025-07-14 15:42:45.746774"
138,125,94,"Suddenly garden economy others.","2025-07-14 15:42:45.746774"
139,167,91,"Program actually race tonight themselves.","2025-07-14 15:42:45.746774"
140,33,25,"Power home price check.","2025-07-14 15:42:45.746774"
141,91,29,"Leader bad school.","2025-07-14 15:42:45.746774"
142,123,19,"Exactly drive well good explain grow.","2025-07-14 15:42:45.746774"
143,79,58,"Car financial security stock ball organization.","2025-07-14 15:42:45.746774"
144,47,11,"Civil development large report purpose.","2025-07-14 15:42:45.746774"
145,164,66,"All the nothing sign remember.","2025-07-14 15:42:45.746774"
146,51,14,"Knowledge else citizen month.","2025-07-14 15:42:45.746774"
147,155,71,"Traditional page a although for study.","2025-07-14 15:42:45.746774"
148,150,91,"Speak themselves speech.","2025-07-14 15:42:45.746774"
149,64,71,"Nature white without study.","2025-07-14 15:42:45.746774"
150,171,70,"Would I question.","2025-07-14 15:42:45.746774"
151,105,78,"About add senior woman put.","2025-07-14 15:42:45.746774"
152,81,76,"Best budget power them evidence without.","2025-07-14 15:42:45.746774"
153,148,57,"Little type physical.","2025-07-14 15:42:45.746774"
154,47,77,"Ever laugh society.","2025-07-14 15:42:45.746774"
155,198,41,"Card minute practice get.","2025-07-14 15:42:45.746774"
156,95,31,"Everything affect American.","2025-07-14 15:42:45.746774"
157,149,24,"Next water voice travel.","2025-07-14 15:42:45.746774"
158,97,24,"Suffer which parent.","2025-07-14 15:42:45.746774"
159,17,79,"Republican total policy head Mrs debate.","2025-07-14 15:42:45.746774"
160,137,34,"Fact catch even front happen behavior.","2025-07-14 15:42:45.746774"
161,144,9,"Along especially change on guess writer.","2025-07-14 15:42:45.746774"
162,46,87,"Fall long dream.","2025-07-14 15:42:45.746774"
163,188,17,"Film tax rock.","2025-07-14 15:42:45.746774"
164,77,5,"Idea foreign increase between.","2025-07-14 15:42:45.746774"
165,42,90,"Listen subject wish gas look record.","2025-07-14 15:42:45.746774"
166,77,88,"Also friend reach choose coach.","2025-07-14 15:42:45.746774"
167,101,91,"Heart window police assume be seek.","2025-07-14 15:42:45.746774"
168,69,36,"His better news.","2025-07-14 15:42:45.746774"
169,68,31,"Large major once quickly.","2025-07-14 15:42:45.746774"
170,111,87,"Base detail yourself one coach.","2025-07-14 15:42:45.746774"
171,102,54,"Grow ask tell reduce.","2025-07-14 15:42:45.746774"
172,97,36,"Later quality budget huge debate among.","2025-07-14 15:42:45.746774"
173,131,64,"Perhaps bit learn gun.","2025-07-14 15:42:45.746774"
174,139,83,"Bit other maintain.","2025-07-14 15:42:45.746774"
175,59,46,"Image quite there many true follow.","2025-07-14 15:42:45.746774"
176,43,42,"Your play themselves myself use act.","2025-07-14 15:42:45.746774"
177,14,15,"Stand along chance either six.","2025-07-14 15:42:45.746774"
178,150,76,"On responsibility southern at be.","2025-07-14 15:42:45.746774"
179,23,43,"At candidate feel.","2025-07-14 15:42:45.746774"
180,98,32,"Former claim chance prevent why.","2025-07-14 15:42:45.746774"
181,9,94,"Him morning almost before some military.","2025-07-14 15:42:45.746774"
182,139,15,"Wrong section town deal movement out.","2025-07-14 15:42:45.746774"
183,62,29,"Suddenly win parent do ten after.","2025-07-14 15:42:45.746774"
184,191,22,"Scientist few now.","2025-07-14 15:42:45.746774"
185,171,55,"Assume teacher wall field impact.","2025-07-14 15:42:45.746774"
186,32,13,"Artist political camera expert stop.","2025-07-14 15:42:45.746774"
187,75,90,"Walk loss cell.","2025-07-14 15:42:45.746774"
188,113,6,"Response purpose character would in partner.","2025-07-14 15:42:45.746774"
189,94,82,"Learn big sing after our.","2025-07-14 15:42:45.746774"
190,174,78,"Picture black near.","2025-07-14 15:42:45.746774"
191,49,10,"Crime situation since book art.","2025-07-14 15:42:45.746774"
192,14,16,"Pass value practice wide require.","2025-07-14 15:42:45.746774"
193,56,25,"Small camera treatment son.","2025-07-14 15:42:45.746774"
194,11,74,"Million size country.","2025-07-14 15:42:45.746774"
195,62,51,"Know series lay smile away.","2025-07-14 15:42:45.746774"
196,47,48,"Top always effort.","2025-07-14 15:42:45.746774"
197,60,5,"War project occur.","2025-07-14 15:42:45.746774"
198,11,3,"Director simply those physical.","2025-07-14 15:42:45.746774"
199,100,24,"Recognize information figure box international not.","2025-07-14 15:42:45.746774"
200,168,16,"Very indeed between.","2025-07-14 15:42:45.746774"
201,46,27,"Safe air land.","2025-07-14 15:42:45.746774"
202,73,8,"Air try while reveal bad.","2025-07-14 15:42:45.746774"
203,148,3,"Building reality generation.","2025-07-14 15:42:45.746774"
204,79,55,"Act window standard audience.","2025-07-14 15:42:45.746774"
205,18,13,"Debate daughter purpose.","2025-07-14 15:42:45.746774"
206,134,9,"Security fall ready.","2025-07-14 15:42:45.746774"
207,114,10,"Do center law live religious election.","2025-07-14 15:42:45.746774"
208,132,39,"Whom gun list.","2025-07-14 15:42:45.746774"
209,180,56,"Fast there network force.","2025-07-14 15:42:45.746774"
210,93,8,"Year bill ok choose today watch.","2025-07-14 15:42:45.746774"
211,158,60,"Firm drug senior fact.","2025-07-14 15:42:45.746774"
212,21,77,"Production technology over hour reduce.","2025-07-14 15:42:45.746774"
213,52,90,"Inside nearly scientist.","2025-07-14 15:42:45.746774"
214,101,26,"Opportunity fear great.","2025-07-14 15:42:45.746774"
215,134,46,"Know hard we around.","2025-07-14 15:42:45.746774"
216,75,61,"Across while top kid he.","2025-07-14 15:42:45.746774"
217,92,22,"Before control board born painting child.","2025-07-14 15:42:45.746774"
218,58,87,"Up control instead company where.","2025-07-14 15:42:45.746774"
219,105,99,"View central leg PM low.","2025-07-14 15:42:45.746774"
220,30,87,"Far store last left.","2025-07-14 15:42:45.746774"
221,82,21,"Fear shoulder pick nation.","2025-07-14 15:42:45.746774"
222,176,68,"Interest seem begin.","2025-07-14 15:42:45.746774"
223,129,16,"Set discussion seven evidence worker building.","2025-07-14 15:42:45.746774"
224,106,57,"A huge three.","2025-07-14 15:42:45.746774"
225,41,23,"Know second government the pull.","2025-07-14 15:42:45.746774"
226,7,61,"Other along society figure.","2025-07-14 15:42:45.746774"
227,49,53,"Brother teacher three seven attention.","2025-07-14 15:42:45.746774"
228,192,66,"Executive care mission decision.","2025-07-14 15:42:45.746774"
229,160,84,"Improve play idea.","2025-07-14 15:42:45.746774"
230,183,50,"Factor head pick church.","2025-07-14 15:42:45.746774"
231,137,33,"High opportunity cause.","2025-07-14 15:42:45.746774"
232,79,72,"Government line indeed live.","2025-07-14 15:42:45.746774"
233,154,2,"Five present art feel seat appear.","2025-07-14 15:42:45.746774"
234,135,95,"Democratic green hospital year suffer without.","2025-07-14 15:42:45.746774"
235,41,43,"Rather score protect.","2025-07-14 15:42:45.746774"
236,179,6,"Guess break about.","2025-07-14 15:42:45.746774"
237,179,36,"Their record road dinner.","2025-07-14 15:42:45.746774"
238,70,31,"Explain black leave form collection instead.","2025-07-14 15:42:45.746774"
239,191,62,"Challenge value challenge firm decade.","2025-07-14 15:42:45.746774"
240,181,79,"Know smile home southern.","2025-07-14 15:42:45.746774"
241,148,87,"Role somebody keep daughter report.","2025-07-14 15:42:45.746774"
242,184,76,"Almost plan that hair sea.","2025-07-14 15:42:45.746774"
243,125,80,"Do father beautiful than.","2025-07-14 15:42:45.746774"
244,68,92,"Sign third in approach.","2025-07-14 15:42:45.746774"
245,159,50,"Program possible natural same issue lawyer.","2025-07-14 15:42:45.746774"
246,184,54,"Region democratic entire analysis.","2025-07-14 15:42:45.746774"
247,134,11,"Glass face according as.","2025-07-14 15:42:45.746774"
248,1,77,"Quite wife however TV law.","2025-07-14 15:42:45.746774"
249,99,90,"Part paper beat five movie.","2025-07-14 15:42:45.746774"
250,172,21,"Eight miss couple bag thank.","2025-07-14 15:42:45.746774"
251,123,29,"Could cut pull save fine.","2025-07-14 15:42:45.746774"
252,127,58,"Effort gas Republican and various.","2025-07-14 15:42:45.746774"
253,194,91,"Across manager just.","2025-07-14 15:42:45.746774"
254,145,73,"Without leave brother bank better.","2025-07-14 15:42:45.746774"
255,113,5,"Increase try key.","2025-07-14 15:42:45.746774"
256,106,90,"Stand next though.","2025-07-14 15:42:45.746774"
257,191,54,"Always Congress majority campaign that.","2025-07-14 15:42:45.746774"
258,196,85,"Floor itself news experience must.","2025-07-14 15:42:45.746774"
259,164,6,"Represent since method left.","2025-07-14 15:42:45.746774"
260,85,58,"Evening admit past Republican.","2025-07-14 15:42:45.746774"
261,33,34,"Run eat expect save.","2025-07-14 15:42:45.746774"
262,160,21,"Score middle teacher.","2025-07-14 15:42:45.746774"
263,129,68,"His evening wife.","2025-07-14 15:42:45.746774"
264,150,72,"Grow push region produce develop story.","2025-07-14 15:42:45.746774"
265,110,97,"Ask film force health.","2025-07-14 15:42:45.746774"
266,1,5,"Expert commercial special network foreign one.","2025-07-14 15:42:45.746774"
267,154,42,"Speech theory choice.","2025-07-14 15:42:45.746774"
268,160,60,"Member baby share sit.","2025-07-14 15:42:45.746774"
269,26,54,"Notice receive degree run staff service.","2025-07-14 15:42:45.746774"
270,97,71,"Part car material truth pattern.","2025-07-14 15:42:45.746774"
271,125,11,"Money grow lay.","2025-07-14 15:42:45.746774"
272,172,17,"When new clear.","2025-07-14 15:42:45.746774"
273,8,52,"Speak say national region bad case.","2025-07-14 15:42:45.746774"
274,148,54,"Region start size himself arrive.","2025-07-14 15:42:45.746774"
275,162,1,"Firm section economic.","2025-07-14 15:42:45.746774"
276,110,2,"Protect process difficult general class.","2025-07-14 15:42:45.746774"
277,168,97,"Ground much run.","2025-07-14 15:42:45.746774"
278,2,87,"Government make article.","2025-07-14 15:42:45.746774"
279,71,79,"And difficult president at.","2025-07-14 15:42:45.746774"
280,51,25,"General professional career.","2025-07-14 15:42:45.746774"
281,61,78,"Large center find power.","2025-07-14 15:42:45.746774"
282,33,26,"Him important enough most save.","2025-07-14 15:42:45.746774"
283,155,36,"Service north but west commercial.","2025-07-14 15:42:45.746774"
284,53,24,"Catch than method run challenge form.","2025-07-14 15:42:45.746774"
285,52,61,"East against southern collection.","2025-07-14 15:42:45.746774"
286,104,81,"Collection bad until our per leader.","2025-07-14 15:42:45.746774"
287,42,3,"Past always future.","2025-07-14 15:42:45.746774"
288,141,58,"Agree usually already bed fall.","2025-07-14 15:42:45.746774"
289,60,33,"Leader medical class.","2025-07-14 15:42:45.746774"
290,69,84,"Front sound war address morning.","2025-07-14 15:42:45.746774"
291,7,84,"Nearly with significant now.","2025-07-14 15:42:45.746774"
292,1,45,"Various although house build.","2025-07-14 15:42:45.746774"
293,59,20,"Many again science alone quite.","2025-07-14 15:42:45.746774"
294,143,3,"Reflect upon yet seven several might.","2025-07-14 15:42:45.746774"
295,22,6,"Without will decade not forget.","2025-07-14 15:42:45.746774"
296,106,88,"Only result race government.","2025-07-14 15:42:45.746774"
297,133,72,"Former section across.","2025-07-14 15:42:45.746774"
298,162,47,"North weight guy.","2025-07-14 15:42:45.746774"
299,91,6,"Fall manager idea issue color small notice.","2025-07-14 15:42:45.746774"
300,184,90,"Call upon we lose water.","2025-07-14 15:42:45.746774"
301,12,84,"Section could nature interest.","2025-07-14 15:42:45.746774"
302,154,92,"Morning as police often.","2025-07-14 15:42:45.746774"
303,30,59,"Place myself his itself find add.","2025-07-14 15:42:45.746774"
304,128,56,"Watch Mrs never wrong.","2025-07-14 15:42:45.746774"
305,191,69,"Relationship it center accept.","2025-07-14 15:42:45.746774"
306,92,27,"Choice produce type none guess we.","2025-07-14 15:42:45.746774"
307,193,76,"Treatment PM sometimes set tonight gun.","2025-07-14 15:42:45.746774"
308,150,2,"Quite piece physical market.","2025-07-14 15:42:45.746774"
309,71,20,"Number drug continue serve.","2025-07-14 15:42:45.746774"
310,139,43,"Back large season last meeting.","2025-07-14 15:42:45.746774"
311,173,48,"When clearly type.","2025-07-14 15:42:45.746774"
312,168,12,"Play wait education think similar.","2025-07-14 15:42:45.746774"
313,174,100,"Foreign film manage several dark huge.","2025-07-14 15:42:45.746774"
314,118,5,"Simple personal home they although.","2025-07-14 15:42:45.746774"
315,22,35,"Great notice north everything state.","2025-07-14 15:42:45.746774"
316,84,20,"List miss among not girl.","2025-07-14 15:42:45.746774"
317,199,38,"Attorney response provide.","2025-07-14 15:42:45.746774"
318,185,51,"Amount up suddenly war fire town.","2025-07-14 15:42:45.746774"
319,81,17,"Image central challenge term.","2025-07-14 15:42:45.746774"
320,151,15,"Art by care lose politics shake.","2025-07-14 15:42:45.746774"
321,5,94,"Role mind statement.","2025-07-14 15:42:45.746774"
322,123,7,"Hold conference son spend ball company enter.","2025-07-14 15:42:45.746774"
323,158,23,"Foreign remember site military.","2025-07-14 15:42:45.746774"
324,68,94,"Your choice too need although.","2025-07-14 15:42:45.746774"
325,37,39,"Computer mention time firm water cover.","2025-07-14 15:42:45.746774"
326,107,43,"Particularly speech mission remember tree.","2025-07-14 15:42:45.746774"
327,154,54,"Live new myself.","2025-07-14 15:42:45.746774"
328,56,13,"Gas spend bag into good later.","2025-07-14 15:42:45.746774"
329,88,62,"Mention would technology budget first.","2025-07-14 15:42:45.746774"
330,43,44,"Consumer by full.","2025-07-14 15:42:45.746774"
331,176,16,"Cover including artist find hope appear.","2025-07-14 15:42:45.746774"
332,46,15,"Group strong back approach.","2025-07-14 15:42:45.746774"
333,159,64,"Page per eight finally support.","2025-07-14 15:42:45.746774"
334,19,5,"Include air sort couple hold.","2025-07-14 15:42:45.746774"
335,155,43,"Benefit ago again identify real.","2025-07-14 15:42:45.746774"
336,77,88,"Follow so second.","2025-07-14 15:42:45.746774"
337,80,22,"Live teach movie I situation understand.","2025-07-14 15:42:45.746774"
338,21,73,"Possible believe step.","2025-07-14 15:42:45.746774"
339,193,82,"Grow better why child might.","2025-07-14 15:42:45.746774"
340,45,9,"Where a front war.","2025-07-14 15:42:45.746774"
341,44,26,"Civil single city.","2025-07-14 15:42:45.746774"
342,84,29,"Wall various foreign agency.","2025-07-14 15:42:45.746774"
343,32,50,"Question analysis drive example color draw difficult.","2025-07-14 15:42:45.746774"
344,5,13,"Leg theory case north add.","2025-07-14 15:42:45.746774"
345,102,72,"Accept hope soon yourself affect station.","2025-07-14 15:42:45.746774"
346,66,38,"About another understand of challenge check.","2025-07-14 15:42:45.746774"
347,30,63,"Skin industry nothing rather represent.","2025-07-14 15:42:45.746774"
348,100,92,"Hair describe hundred.","2025-07-14 15:42:45.746774"
349,148,28,"Imagine probably whom.","2025-07-14 15:42:45.746774"
350,117,11,"Time early high trouble drive.","2025-07-14 15:42:45.746774"
351,189,29,"However ok structure your those head.","2025-07-14 15:42:45.746774"
352,134,75,"Page single theory.","2025-07-14 15:42:45.746774"
353,98,22,"American focus something who.","2025-07-14 15:42:45.746774"
354,121,25,"Move system certain.","2025-07-14 15:42:45.746774"
355,184,15,"Agree inside thank hotel under.","2025-07-14 15:42:45.746774"
356,33,90,"Page claim future in opportunity.","2025-07-14 15:42:45.746774"
357,15,68,"Seven both happy central.","2025-07-14 15:42:45.746774"
358,32,97,"She picture send cultural whatever.","2025-07-14 15:42:45.746774"
359,47,26,"Rich foot herself among.","2025-07-14 15:42:45.746774"
360,61,64,"Issue radio especially road get car.","2025-07-14 15:42:45.746774"
361,104,33,"Ground all office less politics religious.","2025-07-14 15:42:45.746774"
362,107,83,"Sing nation network.","2025-07-14 15:42:45.746774"
363,22,28,"Check clearly ahead career.","2025-07-14 15:42:45.746774"
364,120,19,"Ground think save respond friend budget.","2025-07-14 15:42:45.746774"
365,54,26,"Significant energy citizen physical why.","2025-07-14 15:42:45.746774"
366,35,49,"Reason treatment worker season figure they.","2025-07-14 15:42:45.746774"
367,186,70,"Get we memory who yet.","2025-07-14 15:42:45.746774"
368,78,14,"Raise child above.","2025-07-14 15:42:45.746774"
369,106,63,"Plant wonder thing blood single recently.","2025-07-14 15:42:45.746774"
370,76,73,"Popular word book read pass heart.","2025-07-14 15:42:45.746774"
371,108,82,"Action throughout stage.","2025-07-14 15:42:45.746774"
372,49,55,"Five put hard recent project speech.","2025-07-14 15:42:45.746774"
373,167,64,"Two no still back.","2025-07-14 15:42:45.746774"
374,148,42,"Tv collection still support these military.","2025-07-14 15:42:45.746774"
375,56,64,"Produce just raise enough onto try.","2025-07-14 15:42:45.746774"
376,126,86,"Those north trouble upon.","2025-07-14 15:42:45.746774"
377,104,70,"Popular if do.","2025-07-14 15:42:45.746774"
378,13,29,"Although per environmental medical nearly.","2025-07-14 15:42:45.746774"
379,5,44,"Line Congress must city system.","2025-07-14 15:42:45.746774"
380,162,96,"Lead while long.","2025-07-14 15:42:45.746774"
381,163,42,"Well news enter director book cell.","2025-07-14 15:42:45.746774"
382,19,68,"Catch ten statement.","2025-07-14 15:42:45.746774"
383,76,33,"Only cup almost.","2025-07-14 15:42:45.746774"
384,109,20,"Next sense make real use.","2025-07-14 15:42:45.746774"
385,195,75,"Girl sister their rate drop marriage.","2025-07-14 15:42:45.746774"
386,151,92,"Ever across great western.","2025-07-14 15:42:45.746774"
387,7,61,"Begin fight institution school white.","2025-07-14 15:42:45.746774"
388,34,11,"Discuss very score.","2025-07-14 15:42:45.746774"
389,165,6,"Process sit executive partner story budget.","2025-07-14 15:42:45.746774"
390,34,29,"Matter likely prevent hear trouble.","2025-07-14 15:42:45.746774"
391,67,6,"Everyone win should research executive.","2025-07-14 15:42:45.746774"
392,154,2,"Look fact land.","2025-07-14 15:42:45.746774"
393,189,58,"Usually sea upon full director.","2025-07-14 15:42:45.746774"
394,170,21,"Wish let left very your.","2025-07-14 15:42:45.746774"
395,77,84,"Determine human find discussion military ability.","2025-07-14 15:42:45.746774"
396,36,48,"First through dinner whose worker offer.","2025-07-14 15:42:45.746774"
397,59,49,"Image enjoy rise.","2025-07-14 15:42:45.746774"
398,2,65,"Both something hair do.","2025-07-14 15:42:45.746774"
399,18,74,"Account movement can.","2025-07-14 15:42:45.746774"
400,47,87,"Paper tree bank letter summer minute.","2025-07-14 15:42:45.746774"
401,66,98,"Suffer at computer doctor up high.","2025-07-14 15:42:45.746774"
402,8,10,"Job high she.","2025-07-14 15:42:45.746774"
403,3,55,"West agreement girl happen front law.","2025-07-14 15:42:45.746774"
404,87,27,"Other begin war.","2025-07-14 15:42:45.746774"
405,149,69,"Evening realize per.","2025-07-14 15:42:45.746774"
406,37,54,"Her of process.","2025-07-14 15:42:45.746774"
407,47,50,"Inside matter nice really.","2025-07-14 15:42:45.746774"
408,12,76,"Buy throw like lawyer fund indicate.","2025-07-14 15:42:45.746774"
