student_id,name,gender,dob
1,"Norma Fisher",Female,2001-09-18
2,"Katelyn Hull",Female,2006-07-28
3,"John Silva",Male,2007-03-28
4,"Charles Taylor",Female,2000-04-26
5,"Danielle Browning",Female,2005-07-05
6,"Stephanie Collins",Female,2005-09-20
7,"Samuel Rivera",Female,2004-04-10
8,"Jeffrey Carr",Female,2007-04-12
9,"Juan Ramos",Female,2003-12-12
10,"Robert Dunn",Male,1999-08-19
11,"Ryan Page",Male,2006-03-11
12,"April Snyder",Female,2006-11-22
13,"Nicholas Padilla",Male,2000-01-18
14,"Keith Allen",Male,2000-09-21
15,"Jo Miller",Female,2002-03-27
16,"Yolanda Burns",Male,2002-01-28
17,"Michelle Kelley",Female,2006-06-10
18,"Christina Lloyd",Male,2004-03-02
19,"Jill Carlson",Male,2002-10-14
20,"David White",Female,2006-07-02
21,"Lonnie Douglas",Female,2003-07-26
22,"Michael Anderson",Male,2000-10-13
23,"Sarah Villanueva",Female,2007-05-13
24,"Melinda Massey",Female,2003-12-22
25,"Robert Atkinson",Female,2007-02-15
26,"Samantha Barnes",Male,2001-11-08
27,"Matthew Davies",Female,2007-04-24
28,"Mrs. Erika Wilson",Female,2004-07-03
29,"Sarah Sanchez",Female,2005-09-25
30,"Michael Watson",Male,2000-12-17
31,"Robert Garcia",Male,2000-10-03
32,"Colleen Montoya",Male,2004-11-27
33,"Kimberly Becker",Female,1999-09-27
34,"Colin Greer",Male,2000-07-12
35,"Jacob Hooper",Female,1999-10-28
36,"Chloe Arellano",Female,2005-08-15
37,"Daniel Owen",Male,2007-06-26
38,"Kimberly Oliver",Female,2006-08-16
39,"Daniel Lucas",Male,2002-06-29
40,"Antonio Mcdonald",Male,2004-08-02
41,"William Gonzalez",Male,2002-07-24
42,"Julie Barrera",Male,2004-05-11
43,"Michael Levy",Male,2000-01-03
44,"Brooke Martin",Female,2004-01-07
45,"Kyle Ramos",Male,2000-12-31
46,"Michael Mccullough",Male,2006-12-14
47,"Emily Howard",Female,2006-08-21
48,"Brittany Vazquez",Female,2003-05-29
49,"Gabriella Williams",Male,2001-11-25
50,"Philip Olson",Female,2004-09-13
51,"Ian Arroyo",Female,2004-11-25
52,"Brandi Collins",Male,2005-11-17
53,"Matthew Smith",Female,2001-02-23
54,"Caitlin Walker",Male,2003-04-29
55,"Shawn Carroll",Female,2003-01-14
56,"Shane Bradley",Female,2006-01-30
57,"Amber Griffin",Male,2001-09-19
58,"Jill Dyer",Female,2007-03-28
59,"Nicole Henson",Female,2003-09-20
60,"Ryan Williams",Male,2006-07-06
61,"Robin Lopez",Female,2004-11-23
62,"Sara Anderson",Male,1999-08-21
63,"Michael Stewart",Male,2001-04-30
64,"Paul Baird",Male,2005-04-05
65,"Anne Wilson",Male,2005-01-13
66,"Eric Barker",Female,2001-01-23
67,"Scott Sanders",Female,2000-03-15
68,"Thomas Marsh",Male,2000-06-30
69,"Brandi Meyer",Male,2005-01-17
70,"Ashley Moore",Male,2006-10-02
71,"Andrew Becker",Male,2004-04-05
73,"Paul Miles",Male,2005-02-01
74,"Mathew Ellis MD",Female,2006-12-04
75,"Christine Matthews",Female,1999-08-03
76,"Devon Morgan",Male,2002-08-20
77,"Gina Oliver",Male,1999-11-12
78,"Chase Silva",Female,2002-08-01
79,"Joshua Carter",Female,2003-07-31
80,"Taylor Parker",Female,2006-10-20
81,"Andrea Powell",Female,2002-04-22
82,"Brian Hoffman",Female,2003-08-09
83,"Ryan Cherry",Male,2002-06-08
84,"Brian Jimenez",Female,1999-11-01
85,"Nicholas Kline",Male,2007-05-03
86,"Justin Drake",Female,2004-12-11
87,"Robert Gonzalez",Female,2001-05-23
88,"Adam Long",Male,2003-12-05
89,"Thomas Kramer",Male,2005-08-03
90,"Jenny Richardson",Male,2001-09-24
91,"Carol Lee",Female,2000-06-28
92,"Scott Miles",Male,2007-03-12
93,"Nicole Harris",Male,2003-09-28
94,"Daniel Williams",Female,2006-04-18
95,"Charles Gonzalez",Male,2002-09-23
96,"Ronald Garcia",Female,2004-08-01
97,"Mrs. Jennifer Frazier",Female,2006-12-23
98,"Meghan Barron",Male,2006-08-08
99,"Mr. Michael Harris DDS",Male,2001-05-16
100,"Michael Burgess",Male,2002-03-21
